{
  "in_sample": {
    "total_return_%": 68.62929403839115,
    "max_drawdown_%": 2.3746170378321523,
    "sharpe_ratio": 1.0169423231965067,
    "sortino_ratio": 0.6083051502916255,
    "calmar_ratio": 1.9541171354090223,
    "total_trades": 45,
    "win_rate_%": 71.11111111111111,
    "profit_factor": 7.688350795226392
  },
  "out_of_sample": {
    "total_return_%": 31.881714823052288,
    "max_drawdown_%": 1.723264893213037,
    "sharpe_ratio": 1.1300655254519754,
    "sortino_ratio": 0.5220780150692643,
    "calmar_ratio": 3.3254283545119945,
    "total_trades": 17,
    "win_rate_%": 82.35294117647058,
    "profit_factor": 19.52934543722699
  }
}