{
  "in_sample": {
    "total_return_%": 70.40505479921816,
    "max_drawdown_%": 2.3449975398469305,
    "sharpe_ratio": 1.0193034470989475,
    "sortino_ratio": 0.6292471175000062,
    "calmar_ratio": 2.0313214824889982,
    "total_trades": 45,
    "win_rate_%": 71.11111111111111,
    "profit_factor": 7.84134601492961
  },
  "out_of_sample": {
    "total_return_%": 34.333659576367694,
    "max_drawdown_%": 1.6789932654688977,
    "sharpe_ratio": 1.195733540888584,
    "sortino_ratio": 0.5746761623419815,
    "calmar_ratio": 3.66062477022931,
    "total_trades": 17,
    "win_rate_%": 82.35294117647058,
    "profit_factor": 20.817064346442034
  }
}