{
  "in_sample": {
    "total_return_%": 68.84350720894996,
    "max_drawdown_%": 2.3710043588823724,
    "sharpe_ratio": 1.0210098142138564,
    "sortino_ratio": 0.6350309355917149,
    "calmar_ratio": 1.9588401400399391,
    "total_trades": 45,
    "win_rate_%": 71.11111111111111,
    "profit_factor": 7.787715480088498
  },
  "out_of_sample": {
    "total_return_%": 31.670911572136283,
    "max_drawdown_%": 1.723264893213037,
    "sharpe_ratio": 1.1231142480478318,
    "sortino_ratio": 0.5182842828108046,
    "calmar_ratio": 3.301263795849177,
    "total_trades": 17,
    "win_rate_%": 82.35294117647058,
    "profit_factor": 19.418635221606714
  }
}