{
  "in_sample": {
    "total_return_%": 70.19327792118281,
    "max_drawdown_%": 2.348491091088438,
    "sharpe_ratio": 1.0132714250821162,
    "sortino_ratio": 0.6236512018110922,
    "calmar_ratio": 2.014006493792582,
    "total_trades": 45,
    "win_rate_%": 71.11111111111111,
    "profit_factor": 7.823099835208876
  },
  "out_of_sample": {
    "total_return_%": 32.64791705109806,
    "max_drawdown_%": 1.723264893213037,
    "sharpe_ratio": 1.142907198436453,
    "sortino_ratio": 0.5338646921399971,
    "calmar_ratio": 3.400504777968154,
    "total_trades": 17,
    "win_rate_%": 82.35294117647058,
    "profit_factor": 19.931741574416925
  }
}