{
  "in_sample": {
    "total_return_%": 68.76764355650764,
    "max_drawdown_%": 2.3722825322927346,
    "sharpe_ratio": 1.0200484607566156,
    "sortino_ratio": 0.634530830379043,
    "calmar_ratio": 1.9575270352704506,
    "total_trades": 45,
    "win_rate_%": 71.11111111111111,
    "profit_factor": 7.781100401881957
  },
  "out_of_sample": {
    "total_return_%": 31.881714823052288,
    "max_drawdown_%": 1.723264893213037,
    "sharpe_ratio": 1.1296096568470169,
    "sortino_ratio": 0.5216586752981244,
    "calmar_ratio": 3.3227573277212223,
    "total_trades": 17,
    "win_rate_%": 82.35294117647058,
    "profit_factor": 19.52934543722699
  }
}