{
  "in_sample": {
    "total_return_%": 71.79116916726443,
    "max_drawdown_%": 2.3436334011984106,
    "sharpe_ratio": 1.0375289366098397,
    "sortino_ratio": 0.6296585424655603,
    "calmar_ratio": 2.070511909666036,
    "total_trades": 43,
    "win_rate_%": 74.4186046511628,
    "profit_factor": 8.510812118580013
  },
  "out_of_sample": {
    "total_return_%": 32.61355568571964,
    "max_drawdown_%": 1.7003858793904334,
    "sharpe_ratio": 1.1396863977683092,
    "sortino_ratio": 0.753957132864276,
    "calmar_ratio": 3.472172798226104,
    "total_trades": 19,
    "win_rate_%": 73.68421052631578,
    "profit_factor": 13.970797125896077
  }
}