{
  "in_sample": {
    "total_return_%": 71.5047514427994,
    "max_drawdown_%": 2.3710043588823724,
    "sharpe_ratio": 1.0427038324777465,
    "sortino_ratio": 0.6499222954660647,
    "calmar_ratio": 2.0047745848469103,
    "total_trades": 46,
    "win_rate_%": 71.73913043478261,
    "profit_factor": 8.037207216454929
  },
  "out_of_sample": {
    "total_return_%": 32.93263212261337,
    "max_drawdown_%": 1.5531991449384088,
    "sharpe_ratio": 1.1590887144301332,
    "sortino_ratio": 0.5465712531822295,
    "calmar_ratio": 3.7656474634771695,
    "total_trades": 18,
    "win_rate_%": 83.33333333333334,
    "profit_factor": 20.09156559144764
  }
}