{
  "in_sample": {
    "total_return_%": 71.79116916726443,
    "max_drawdown_%": 2.3436334011984106,
    "sharpe_ratio": 1.0368045992751036,
    "sortino_ratio": 0.6287831047978988,
    "calmar_ratio": 2.0676332000245123,
    "total_trades": 43,
    "win_rate_%": 74.4186046511628,
    "profit_factor": 8.510812118580013
  },
  "out_of_sample": {
    "total_return_%": 32.61355568571964,
    "max_drawdown_%": 1.7003858793904334,
    "sharpe_ratio": 1.1387584417292549,
    "sortino_ratio": 0.7527351602016111,
    "calmar_ratio": 3.466545289639028,
    "total_trades": 19,
    "win_rate_%": 73.68421052631578,
    "profit_factor": 13.970797125896077
  }
}