{
  "in_sample": {
    "total_return_%": 70.75031501778828,
    "max_drawdown_%": 2.3449975398469305,
    "sharpe_ratio": 1.0229312216893083,
    "sortino_ratio": 0.607657873699657,
    "calmar_ratio": 2.037433032623767,
    "total_trades": 45,
    "win_rate_%": 71.11111111111111,
    "profit_factor": 8.08175210924627
  },
  "out_of_sample": {
    "total_return_%": 34.333659576367694,
    "max_drawdown_%": 1.6789932654688977,
    "sharpe_ratio": 1.1947625928546366,
    "sortino_ratio": 0.5737477678955485,
    "calmar_ratio": 3.6547109983872597,
    "total_trades": 17,
    "win_rate_%": 82.35294117647058,
    "profit_factor": 20.817064346442034
  }
}