{
  "in_sample": {
    "total_return_%": 70.75031501778828,
    "max_drawdown_%": 2.3449975398469305,
    "sharpe_ratio": 1.022753370356617,
    "sortino_ratio": 0.6074473929675129,
    "calmar_ratio": 2.0367273059065436,
    "total_trades": 45,
    "win_rate_%": 71.11111111111111,
    "profit_factor": 8.08175210924627
  },
  "out_of_sample": {
    "total_return_%": 34.58662267194006,
    "max_drawdown_%": 1.6789932654688977,
    "sharpe_ratio": 1.1965194730952249,
    "sortino_ratio": 0.5774487512518889,
    "calmar_ratio": 3.6782858606074256,
    "total_trades": 17,
    "win_rate_%": 82.35294117647058,
    "profit_factor": 20.949916182137624
  }
}