{
  "in_sample": {
    "total_return_%": 71.22064159864807,
    "max_drawdown_%": 2.3436334011984106,
    "sharpe_ratio": 1.0296081231366236,
    "sortino_ratio": 0.623656438950903,
    "calmar_ratio": 2.05236757329675,
    "total_trades": 44,
    "win_rate_%": 72.72727272727273,
    "profit_factor": 8.226044797068631
  },
  "out_of_sample": {
    "total_return_%": 34.333659576367694,
    "max_drawdown_%": 1.6789932654688977,
    "sharpe_ratio": 1.1962199034457899,
    "sortino_ratio": 0.5751414871697886,
    "calmar_ratio": 3.6635888388691713,
    "total_trades": 17,
    "win_rate_%": 82.35294117647058,
    "profit_factor": 20.817064346442034
  }
}