{
  "in_sample": {
    "total_return_%": 68.84350720894996,
    "max_drawdown_%": 2.3710043588823724,
    "sharpe_ratio": 1.020304945264159,
    "sortino_ratio": 0.634157740767938,
    "calmar_ratio": 1.9561466506758416,
    "total_trades": 45,
    "win_rate_%": 71.11111111111111,
    "profit_factor": 7.787715480088498
  },
  "out_of_sample": {
    "total_return_%": 32.03093889210098,
    "max_drawdown_%": 1.5531991449384088,
    "sharpe_ratio": 1.1387627809165928,
    "sortino_ratio": 0.5358166478232567,
    "calmar_ratio": 3.6915527280608296,
    "total_trades": 18,
    "win_rate_%": 83.33333333333334,
    "profit_factor": 19.62035028465249
  }
}