{
  "in_sample": {
    "total_return_%": 71.22064159864807,
    "max_drawdown_%": 2.3436334011984106,
    "sharpe_ratio": 1.0299670693099965,
    "sortino_ratio": 0.6240896841325291,
    "calmar_ratio": 2.0537933236081756,
    "total_trades": 44,
    "win_rate_%": 72.72727272727273,
    "profit_factor": 8.226044797068631
  },
  "out_of_sample": {
    "total_return_%": 33.60093740315797,
    "max_drawdown_%": 1.690954055258894,
    "sharpe_ratio": 1.1653400228583275,
    "sortino_ratio": 0.686155901829504,
    "calmar_ratio": 3.575865541016074,
    "total_trades": 18,
    "win_rate_%": 77.77777777777779,
    "profit_factor": 16.266172293495192
  }
}