{
  "in_sample": {
    "total_return_%": 71.5047514427994,
    "max_drawdown_%": 2.3710043588823724,
    "sharpe_ratio": 1.0432416441051569,
    "sortino_ratio": 0.6505902526042621,
    "calmar_ratio": 2.0068349903811824,
    "total_trades": 46,
    "win_rate_%": 71.73913043478261,
    "profit_factor": 8.037207216454929
  },
  "out_of_sample": {
    "total_return_%": 32.93263212261337,
    "max_drawdown_%": 1.5531991449384088,
    "sharpe_ratio": 1.1600190810551676,
    "sortino_ratio": 0.5474450681353585,
    "calmar_ratio": 3.77166768324292,
    "total_trades": 18,
    "win_rate_%": 83.33333333333334,
    "profit_factor": 20.09156559144764
  }
}