{
  "in_sample": {
    "total_return_%": 70.83317964400845,
    "max_drawdown_%": 2.3436334011984106,
    "sharpe_ratio": 1.0230370185427284,
    "sortino_ratio": 0.6071478590042946,
    "calmar_ratio": 2.0354508243629983,
    "total_trades": 45,
    "win_rate_%": 71.11111111111111,
    "profit_factor": 8.089110409227729
  },
  "out_of_sample": {
    "total_return_%": 31.827765519889706,
    "max_drawdown_%": 1.723264893213037,
    "sharpe_ratio": 1.1207453625291857,
    "sortino_ratio": 0.5232071075453688,
    "calmar_ratio": 3.3326202224446173,
    "total_trades": 16,
    "win_rate_%": 81.25,
    "profit_factor": 19.395975662389173
  }
}