{
  "in_sample": {
    "total_return_%": 71.79116916726443,
    "max_drawdown_%": 2.3436334011984106,
    "sharpe_ratio": 1.0377102582745374,
    "sortino_ratio": 0.6298777829051375,
    "calmar_ratio": 2.0712328399967,
    "total_trades": 43,
    "win_rate_%": 74.4186046511628,
    "profit_factor": 8.510812118580013
  },
  "out_of_sample": {
    "total_return_%": 32.867199000445794,
    "max_drawdown_%": 1.5325780176548112,
    "sharpe_ratio": 1.1490838580600702,
    "sortino_ratio": 0.7755843085983004,
    "calmar_ratio": 3.8775870540412263,
    "total_trades": 20,
    "win_rate_%": 75.0,
    "profit_factor": 14.088336108415806
  }
}