{
  "in_sample": {
    "total_return_%": 70.75031501778828,
    "max_drawdown_%": 2.3449975398469305,
    "sharpe_ratio": 1.022220372440202,
    "sortino_ratio": 0.6068168247395189,
    "calmar_ratio": 2.0346130561080247,
    "total_trades": 45,
    "win_rate_%": 71.11111111111111,
    "profit_factor": 8.08175210924627
  },
  "out_of_sample": {
    "total_return_%": 32.08072861546209,
    "max_drawdown_%": 1.723264893213037,
    "sharpe_ratio": 1.1232043754071352,
    "sortino_ratio": 0.5273040722035832,
    "calmar_ratio": 3.3587162503343424,
    "total_trades": 16,
    "win_rate_%": 81.25,
    "profit_factor": 19.528827498084762
  }
}