{
  "in_sample": {
    "total_return_%": 71.79116916726443,
    "max_drawdown_%": 2.3436334011984106,
    "sharpe_ratio": 1.03734770996045,
    "sortino_ratio": 0.6294394545941387,
    "calmar_ratio": 2.0697914810266256,
    "total_trades": 43,
    "win_rate_%": 74.4186046511628,
    "profit_factor": 8.510812118580013
  },
  "out_of_sample": {
    "total_return_%": 32.61355568571964,
    "max_drawdown_%": 1.7003858793904334,
    "sharpe_ratio": 1.1392221362967787,
    "sortino_ratio": 0.7533456510046943,
    "calmar_ratio": 3.4693567618933985,
    "total_trades": 19,
    "win_rate_%": 73.68421052631578,
    "profit_factor": 13.970797125896077
  }
}