{
  "in_sample": {
    "total_return_%": 70.19327792118281,
    "max_drawdown_%": 2.348491091088438,
    "sharpe_ratio": 1.0137982598169846,
    "sortino_ratio": 0.6242974724865442,
    "calmar_ratio": 2.0160935471540253,
    "total_trades": 45,
    "win_rate_%": 71.11111111111111,
    "profit_factor": 7.823099835208876
  },
  "out_of_sample": {
    "total_return_%": 31.827765519889706,
    "max_drawdown_%": 1.723264893213037,
    "sharpe_ratio": 1.1202918349198352,
    "sortino_ratio": 0.5227855063305861,
    "calmar_ratio": 3.3299347911614228,
    "total_trades": 16,
    "win_rate_%": 81.25,
    "profit_factor": 19.395975662389173
  }
}