{
  "in_sample": {
    "total_return_%": 71.13777697242789,
    "max_drawdown_%": 2.3449975398469305,
    "sharpe_ratio": 1.0282563289361337,
    "sortino_ratio": 0.6226668724766744,
    "calmar_ratio": 2.0494068337742775,
    "total_trades": 44,
    "win_rate_%": 72.72727272727273,
    "profit_factor": 8.218561934032333
  },
  "out_of_sample": {
    "total_return_%": 34.333659576367694,
    "max_drawdown_%": 1.6789932654688977,
    "sharpe_ratio": 1.195733540888584,
    "sortino_ratio": 0.5746761623419815,
    "calmar_ratio": 3.66062477022931,
    "total_trades": 17,
    "win_rate_%": 82.35294117647058,
    "profit_factor": 20.817064346442034
  }
}