{
  "in_sample": {
    "total_return_%": 71.79116916726443,
    "max_drawdown_%": 2.3436334011984106,
    "sharpe_ratio": 1.0380731869821809,
    "sortino_ratio": 0.6303167221266742,
    "calmar_ratio": 2.07267620782945,
    "total_trades": 43,
    "win_rate_%": 74.4186046511628,
    "profit_factor": 8.510812118580013
  },
  "out_of_sample": {
    "total_return_%": 32.12176895131502,
    "max_drawdown_%": 1.7003858793904334,
    "sharpe_ratio": 1.1338784275366722,
    "sortino_ratio": 0.7445968385877609,
    "calmar_ratio": 3.4290661576047228,
    "total_trades": 19,
    "win_rate_%": 73.68421052631578,
    "profit_factor": 13.795618793512821
  }
}