{
  "in_sample": {
    "total_return_%": 70.19327792118281,
    "max_drawdown_%": 2.348491091088438,
    "sharpe_ratio": 1.0136225569425796,
    "sortino_ratio": 0.6240819001548846,
    "calmar_ratio": 2.0153973822551463,
    "total_trades": 45,
    "win_rate_%": 71.11111111111111,
    "profit_factor": 7.823099835208876
  },
  "out_of_sample": {
    "total_return_%": 32.28743595712504,
    "max_drawdown_%": 1.723264893213037,
    "sharpe_ratio": 1.1313664293487877,
    "sortino_ratio": 0.5931512541092273,
    "calmar_ratio": 3.3685653531992195,
    "total_trades": 18,
    "win_rate_%": 77.77777777777779,
    "profit_factor": 17.823580090556263
  }
}