{
  "in_sample": {
    "total_return_%": 68.84350720894996,
    "max_drawdown_%": 2.3710043588823724,
    "sharpe_ratio": 1.020833460028645,
    "sortino_ratio": 0.6348124115257852,
    "calmar_ratio": 1.9581660725450871,
    "total_trades": 45,
    "win_rate_%": 71.11111111111111,
    "profit_factor": 7.787715480088498
  },
  "out_of_sample": {
    "total_return_%": 32.504578201755585,
    "max_drawdown_%": 1.5531991449384088,
    "sharpe_ratio": 1.152135339187039,
    "sortino_ratio": 0.5316484406935381,
    "calmar_ratio": 3.7444002669297736,
    "total_trades": 19,
    "win_rate_%": 78.94736842105263,
    "profit_factor": 19.972387034210637
  }
}