{
  "in_sample": {
    "total_return_%": 71.5047514427994,
    "max_drawdown_%": 2.3710043588823724,
    "sharpe_ratio": 1.0410953744677744,
    "sortino_ratio": 0.6479266282333133,
    "calmar_ratio": 1.9986186751697959,
    "total_trades": 46,
    "win_rate_%": 71.73913043478261,
    "profit_factor": 8.037207216454929
  },
  "out_of_sample": {
    "total_return_%": 33.09584295670922,
    "max_drawdown_%": 1.723264893213037,
    "sharpe_ratio": 1.1498562633358649,
    "sortino_ratio": 0.5336425166486439,
    "calmar_ratio": 3.3990896088606677,
    "total_trades": 17,
    "win_rate_%": 82.35294117647058,
    "profit_factor": 20.166984500589237
  }
}