{
  "in_sample": {
    "total_return_%": 70.75031501778828,
    "max_drawdown_%": 2.3449975398469305,
    "sharpe_ratio": 1.0225756117578926,
    "sortino_ratio": 0.6072370579976488,
    "calmar_ratio": 2.036022067919734,
    "total_trades": 45,
    "win_rate_%": 71.11111111111111,
    "profit_factor": 8.08175210924627
  },
  "out_of_sample": {
    "total_return_%": 34.58662267194006,
    "max_drawdown_%": 1.6789932654688977,
    "sharpe_ratio": 1.1960341645834967,
    "sortino_ratio": 0.5769826909199666,
    "calmar_ratio": 3.6753171068861934,
    "total_trades": 17,
    "win_rate_%": 82.35294117647058,
    "profit_factor": 20.949916182137624
  }
}