{
  "in_sample": {
    "total_return_%": 71.5047514427994,
    "max_drawdown_%": 2.3710043588823724,
    "sharpe_ratio": 1.041988042452944,
    "sortino_ratio": 0.6490338165932471,
    "calmar_ratio": 2.002033949734337,
    "total_trades": 46,
    "win_rate_%": 71.73913043478261,
    "profit_factor": 8.037207216454929
  },
  "out_of_sample": {
    "total_return_%": 32.93263212261337,
    "max_drawdown_%": 1.5531991449384088,
    "sharpe_ratio": 1.1581605827684913,
    "sortino_ratio": 0.5457002232966802,
    "calmar_ratio": 3.7596464316628633,
    "total_trades": 18,
    "win_rate_%": 83.33333333333334,
    "profit_factor": 20.09156559144764
  }
}