{
  "in_sample": {
    "total_return_%": 70.83317964400845,
    "max_drawdown_%": 2.3436334011984106,
    "sharpe_ratio": 1.0233921752683277,
    "sortino_ratio": 0.6075678851952349,
    "calmar_ratio": 2.036858953608493,
    "total_trades": 45,
    "win_rate_%": 71.11111111111111,
    "profit_factor": 8.089110409227729
  },
  "out_of_sample": {
    "total_return_%": 32.08072861546209,
    "max_drawdown_%": 1.723264893213037,
    "sharpe_ratio": 1.1227494764678818,
    "sortino_ratio": 0.5268788269840642,
    "calmar_ratio": 3.356007608196976,
    "total_trades": 16,
    "win_rate_%": 81.25,
    "profit_factor": 19.528827498084762
  }
}