{
  "in_sample": {
    "total_return_%": 71.70830454104424,
    "max_drawdown_%": 2.3449975398469305,
    "sharpe_ratio": 1.0372629985885462,
    "sortino_ratio": 0.6299780818786946,
    "calmar_ratio": 2.071868599879934,
    "total_trades": 43,
    "win_rate_%": 74.4186046511628,
    "profit_factor": 8.503070215516988
  },
  "out_of_sample": {
    "total_return_%": 32.12176895131502,
    "max_drawdown_%": 1.7003858793904334,
    "sharpe_ratio": 1.1343412396684978,
    "sortino_ratio": 0.7452022018711656,
    "calmar_ratio": 3.431854016269442,
    "total_trades": 19,
    "win_rate_%": 73.68421052631578,
    "profit_factor": 13.795618793512821
  }
}