{
  "in_sample": {
    "total_return_%": 71.5047514427994,
    "max_drawdown_%": 2.3710043588823724,
    "sharpe_ratio": 1.0437802887799421,
    "sortino_ratio": 0.6512595841398632,
    "calmar_ratio": 2.0088996354330146,
    "total_trades": 46,
    "win_rate_%": 71.73913043478261,
    "profit_factor": 8.037207216454929
  },
  "out_of_sample": {
    "total_return_%": 33.16842269078164,
    "max_drawdown_%": 1.5531991449384088,
    "sharpe_ratio": 1.1651960804700678,
    "sortino_ratio": 0.5508218780943945,
    "calmar_ratio": 3.794932492328386,
    "total_trades": 18,
    "win_rate_%": 83.33333333333334,
    "profit_factor": 20.21478723841029
  }
}