{
  "in_sample": {
    "total_return_%": 38.55813452228887,
    "max_drawdown_%": 1.5505471445083225,
    "sharpe_ratio": 1.0062517474856387,
    "sortino_ratio": 1.0057160209695135,
    "calmar_ratio": 3.133331632719283,
    "total_trades": 28,
    "win_rate_%": 64.28571428571429,
    "profit_factor": 9.648900512255576
  },
  "out_of_sample": {
    "total_return_%": 28.397920129975706,
    "max_drawdown_%": 0.0,
    "sharpe_ratio": 1.3924217993779404,
    "sortino_ratio": Infinity,
    "calmar_ratio": Infinity,
    "total_trades": 9,
    "win_rate_%": 100.0,
    "profit_factor": Infinity
  }
}