{
  "in_sample": {
    "total_return_%": 68.62929403839115,
    "max_drawdown_%": 2.3746170378321523,
    "sharpe_ratio": 1.0167664352853591,
    "sortino_ratio": 0.6080955344576173,
    "calmar_ratio": 1.9534437663065383,
    "total_trades": 45,
    "win_rate_%": 71.11111111111111,
    "profit_factor": 7.688350795226392
  },
  "out_of_sample": {
    "total_return_%": 32.29856897187429,
    "max_drawdown_%": 1.723264893213037,
    "sharpe_ratio": 1.1325877605228976,
    "sortino_ratio": 0.5281157295989759,
    "calmar_ratio": 3.3638861836371836,
    "total_trades": 17,
    "win_rate_%": 82.35294117647058,
    "profit_factor": 19.748270014992052
  }
}