{
  "in_sample": {
    "total_return_%": 71.5047514427994,
    "max_drawdown_%": 2.3710043588823724,
    "sharpe_ratio": 1.0412737245254708,
    "sortino_ratio": 0.648147763601311,
    "calmar_ratio": 1.9993007975845296,
    "total_trades": 46,
    "win_rate_%": 71.73913043478261,
    "profit_factor": 8.037207216454929
  },
  "out_of_sample": {
    "total_return_%": 32.678988807887244,
    "max_drawdown_%": 1.723264893213037,
    "sharpe_ratio": 1.147630176243634,
    "sortino_ratio": 0.5277019110757648,
    "calmar_ratio": 3.361250324989649,
    "total_trades": 17,
    "win_rate_%": 82.35294117647058,
    "profit_factor": 19.948059922824175
  }
}