{
  "in_sample": {
    "total_return_%": 71.5047514427994,
    "max_drawdown_%": 2.3710043588823724,
    "sharpe_ratio": 1.041630699792544,
    "sortino_ratio": 0.6485904874835523,
    "calmar_ratio": 2.0006664402058303,
    "total_trades": 46,
    "win_rate_%": 71.73913043478261,
    "profit_factor": 8.037207216454929
  },
  "out_of_sample": {
    "total_return_%": 32.678988807887244,
    "max_drawdown_%": 1.723264893213037,
    "sharpe_ratio": 1.148548316837675,
    "sortino_ratio": 0.5285428702966027,
    "calmar_ratio": 3.36660689921274,
    "total_trades": 17,
    "win_rate_%": 82.35294117647058,
    "profit_factor": 19.948059922824175
  }
}