{
  "in_sample": {
    "total_return_%": 70.83317964400845,
    "max_drawdown_%": 2.3436334011984106,
    "sharpe_ratio": 1.0233921752683277,
    "sortino_ratio": 0.6075678851952349,
    "calmar_ratio": 2.036858953608493,
    "total_trades": 45,
    "win_rate_%": 71.11111111111111,
    "profit_factor": 8.089110409227729
  },
  "out_of_sample": {
    "total_return_%": 31.827765519889706,
    "max_drawdown_%": 1.723264893213037,
    "sharpe_ratio": 1.121199441391923,
    "sortino_ratio": 0.5236293893109422,
    "calmar_ratio": 3.3353099885644273,
    "total_trades": 16,
    "win_rate_%": 81.25,
    "profit_factor": 19.395975662389173
  }
}