{
  "in_sample": {
    "total_return_%": 68.84350720894996,
    "max_drawdown_%": 2.3710043588823724,
    "sharpe_ratio": 1.0206571971945018,
    "sortino_ratio": 0.6345940378032101,
    "calmar_ratio": 1.9574924688049617,
    "total_trades": 45,
    "win_rate_%": 71.11111111111111,
    "profit_factor": 7.787715480088498
  },
  "out_of_sample": {
    "total_return_%": 32.50691370399596,
    "max_drawdown_%": 1.5531991449384088,
    "sharpe_ratio": 1.151742298078743,
    "sortino_ratio": 0.5430847405358797,
    "calmar_ratio": 3.741626848732671,
    "total_trades": 18,
    "win_rate_%": 83.33333333333334,
    "profit_factor": 19.869089666766296
  }
}