{
  "in_sample": {
    "total_return_%": 71.79116916726443,
    "max_drawdown_%": 2.3436334011984106,
    "sharpe_ratio": 1.0380731869821809,
    "sortino_ratio": 0.6303167221266742,
    "calmar_ratio": 2.07267620782945,
    "total_trades": 43,
    "win_rate_%": 74.4186046511628,
    "profit_factor": 8.510812118580013
  },
  "out_of_sample": {
    "total_return_%": 32.37541226604117,
    "max_drawdown_%": 1.5325780176548112,
    "sharpe_ratio": 1.14381852566624,
    "sortino_ratio": 0.7666650853581299,
    "calmar_ratio": 3.832994784464894,
    "total_trades": 20,
    "win_rate_%": 75.0,
    "profit_factor": 13.913745408605116
  }
}